Model,Accuracy,Precision,Recall,F1-score,ROC-AUC
Logistic Regression,0.9995,1.0,0.999,0.9994997498749375,1.0
Random Forest,1.0,1.0,1.0,1.0,1.0
Gradient Boosting,0.999,0.998003992015968,1.0,0.999000999000999,0.999998
MLP Neural Network,0.9995,1.0,0.999,0.9994997498749375,1.0
CNN 1D,1.0,1.0,1.0,1.0,1.0
